time,text,meme_id,shares,views
1709424000000,ğŸ¤– [__Fast Food Memes](https://t.me/ffmemesbot?start=sc_874731_tgchannelru)__,874731,9,1232
1709424000000,ğŸ¤– [__Fast Food Memes](https://t.me/ffmemesbot?start=sc_962706_tgchannelru)__,962706,19,1228
1709510400000,ğŸ©µ [__Fast Food Memes](https://t.me/ffmemesbot?start=sc_974985_tgchannelru)__,974985,11,1200
1709424000000,ğŸªª [__Fast Food Memes](https://t.me/ffmemesbot?start=sc_978735_tgchannelru)__,978735,21,1297
1709424000000,ğŸªº [__Fast Food Memes](https://t.me/ffmemesbot?start=sc_998981_tgchannelru)__,998981,30,1301
1709510400000,ğŸ¦© [__Fast Food Memes](https://t.me/ffmemesbot?start=sc_999467_tgchannelru)__,999467,14,1204
1709510400000,ğŸ«— [__Fast Food Memes](https://t.me/ffmemesbot?start=sc_1003763_tgchannelru)__,1003763,26,1294
1709424000000,ğŸ¦¼ [__Fast Food Memes](https://t.me/ffmemesbot?start=sc_1068395_tgchannelru)__,1068395,27,1270
1709424000000,ğŸ„ [__Fast Food Memes](https://t.me/ffmemesbot?start=sc_1072731_tgchannelru)__,1072731,27,1220
1709510400000,ğŸ¦” [__Fast Food Memes](https://t.me/ffmemesbot?start=sc_1090510_tgchannelru)__,1090510,37,1342
1709510400000,ğŸ¦’ [__Fast Food Memes](https://t.me/ffmemesbot?start=sc_1102479_tgchannelru)__,1102479,25,1282
1709337600000,ğŸ‘‰ [__Fast Food Memes](https://t.me/ffmemesbot?start=sc_1103300_tgchannelru)__,1103300,14,1320
1709337600000,ğŸ² [__Fast Food Memes](https://t.me/ffmemesbot?start=sc_1173523_tgchannelru)__,1173523,13,1369
1709596800000,ğŸ² [__Fast Food Memes](https://t.me/ffmemesbot?start=sc_1192699_tgchannelru)__,1192699,35,1268
1709683200000,ğŸ² [__Fast Food Memes](https://t.me/ffmemesbot?start=sc_1194383_tgchannelru)__,1194383,23,1194
1709683200000,ğŸ©µ [__Fast Food Memes](https://t.me/ffmemesbot?start=sc_1194906_tgchannelru)__,1194906,24,1223
1709510400000,ğŸš¤ [__Fast Food Memes](https://t.me/ffmemesbot?start=sc_1194965_tgchannelru)__,1194965,20,1223
1709596800000,ğŸ¦§ [__Fast Food Memes](https://t.me/ffmemesbot?start=sc_1195855_tgchannelru)__,1195855,19,1195
1709596800000,"Ğ Ğ¾Ğ´Ğ¸Ñ‚ĞµĞ»Ğ¸ ÑĞµĞ¹Ñ‡Ğ°Ñ: ÑĞ´ĞµĞ»Ğ°Ğ¹Ñ‚Ğµ Ğ¼ÑƒĞ·Ñ‹ĞºÑƒ Ñ‚Ğ¸ÑˆĞµ, Ñƒ Ğ¼ĞµĞ½Ñ Ñ€ĞµĞ±ĞµĞ½Ğ¾Ğº Ğ½Ğµ Ğ¼Ğ¾Ğ¶ĞµÑ‚ ÑƒÑĞ½ÑƒÑ‚ÑŒ

Ğ¯ Ğ² Ğ´ĞµÑ‚ÑÑ‚Ğ²Ğµ Ğ½Ğ° Ğ¼ĞµÑ€Ğ¾Ğ¿Ñ€Ğ¸ÑÑ‚Ğ¸Ğ¸ Ñ Ñ€Ğ¾Ğ´Ğ¸Ñ‚ĞµĞ»ÑĞ¼Ğ¸, Ğ³Ğ´Ğµ Ğ¼ÑƒĞ·Ñ‹ĞºĞ° Ğ´Ğ¾Ğ»Ğ±Ğ¸Ñ‚ Ñ‚Ğ°Ğº, Ñ‡Ñ‚Ğ¾ Ñ‚Ñ€ÑÑÑƒÑ‚ÑÑ Ğ¾ĞºĞ½Ğ°:

ğŸªº [__Fast Food Memes](https://t.me/ffmemesbot?start=sc_1202853_tgchannelru)__",1202853,10,1193
1709596800000,ğŸ¦ª [__Fast Food Memes](https://t.me/ffmemesbot?start=sc_1206328_tgchannelru)__,1206328,9,1168
1709596800000,ğŸ›¼ [__Fast Food Memes](https://t.me/ffmemesbot?start=sc_1235533_tgchannelru)__,1235533,40,1258
1709596800000,ğŸ¤º [__Fast Food Memes](https://t.me/ffmemesbot?start=sc_1238973_tgchannelru)__,1238973,18,1186
1709683200000,ğŸ¦§ [__Fast Food Memes](https://t.me/ffmemesbot?start=sc_1247837_tgchannelru)__,1247837,5,1170
1709683200000,ğŸª¿ [__Fast Food Memes](https://t.me/ffmemesbot?start=sc_1323694_tgchannelru)__,1323694,30,1188
1709769600000,ğŸ² [__Fast Food Memes](https://t.me/ffmemesbot?start=sc_1345000_tgchannelru)__,1345000,17,1210
1709769600000,ğŸŒ [__Fast Food Memes](https://t.me/ffmemesbot?start=sc_1358926_tgchannelru)__,1358926,47,1309
1709683200000,ğŸ­ [__Fast Food Memes](https://t.me/ffmemesbot?start=sc_1367254_tgchannelru)__,1367254,20,1201
1709769600000,ğŸ¦¼ [__Fast Food Memes](https://t.me/ffmemesbot?start=sc_1403142_tgchannelru)__,1403142,17,1152
1709769600000,ğŸ«— [__Fast Food Memes](https://t.me/ffmemesbot?start=sc_1409179_tgchannelru)__,1409179,13,1151
1709769600000,ğŸª€ [__Fast Food Memes](https://t.me/ffmemesbot?start=sc_1421649_tgchannelru)__,1421649,15,1137
1710115200000,ğŸ¦© [__Fast Food Memes](https://t.me/ffmemesbot?start=sc_1448942_tgchannelru)__,1448942,21,1152
1709856000000,ğŸ§–ğŸ»â€â™‚ï¸ [__Fast Food Memes](https://t.me/ffmemesbot?start=sc_1449093_tgchannelru)__,1449093,23,1143
1709856000000,ğŸª‚ [__Fast Food Memes](https://t.me/ffmemesbot?start=sc_1453747_tgchannelru)__,1453747,14,1139
1709769600000,ğŸ­ [__Fast Food Memes](https://t.me/ffmemesbot?start=sc_1470509_tgchannelru)__,1470509,17,1165
1709942400000,ğŸ§–ğŸ»â€â™‚ï¸ [__Fast Food Memes](https://t.me/ffmemesbot?start=sc_1505282_tgchannelru)__,1505282,16,1164
1709856000000,ğŸ¥‹ [__Fast Food Memes](https://t.me/ffmemesbot?start=sc_1509622_tgchannelru)__,1509622,20,1304
1709942400000,ğŸªˆ [__Fast Food Memes](https://t.me/ffmemesbot?start=sc_1509720_tgchannelru)__,1509720,8,1092
1709856000000,ğŸ [__Fast Food Memes](https://t.me/ffmemesbot?start=sc_1510231_tgchannelru)__,1510231,19,1139
1709942400000,ğŸ [__Fast Food Memes](https://t.me/ffmemesbot?start=sc_1523697_tgchannelru)__,1523697,17,1120
1709856000000,ğŸ©µ [__Fast Food Memes](https://t.me/ffmemesbot?start=sc_1557248_tgchannelru)__,1557248,18,1145
1709856000000,ğŸ©µ [__Fast Food Memes](https://t.me/ffmemesbot?start=sc_1558337_tgchannelru)__,1558337,25,1135
1709942400000,ğŸ [__Fast Food Memes](https://t.me/ffmemesbot?start=sc_1562080_tgchannelru)__,1562080,8,1115
1710028800000,ğŸ¦¼ [__Fast Food Memes](https://t.me/ffmemesbot?start=sc_1562334_tgchannelru)__,1562334,20,1159
1710028800000,ğŸ¥‹ [__Fast Food Memes](https://t.me/ffmemesbot?start=sc_1571568_tgchannelru)__,1571568,13,1093
1709942400000,ğŸª¿ [__Fast Food Memes](https://t.me/ffmemesbot?start=sc_1589604_tgchannelru)__,1589604,25,1210
1709942400000,ğŸ‘‰ [__Fast Food Memes](https://t.me/ffmemesbot?start=sc_1601954_tgchannelru)__,1601954,22,1199
1710028800000,ğŸ¦§ [__Fast Food Memes](https://t.me/ffmemesbot?start=sc_1683256_tgchannelru)__,1683256,36,1251
1710028800000,ğŸªº [__Fast Food Memes](https://t.me/ffmemesbot?start=sc_1690881_tgchannelru)__,1690881,15,1114
1710028800000,ğŸª€ [__Fast Food Memes](https://t.me/ffmemesbot?start=sc_1694471_tgchannelru)__,1694471,18,1394
1710115200000,ğŸ [__Fast Food Memes](https://t.me/ffmemesbot?start=sc_1773051_tgchannelru)__,1773051,6,1096
1710028800000,ğŸ¤– [__Fast Food Memes](https://t.me/ffmemesbot?start=sc_1790159_tgchannelru)__,1790159,11,1117
1710115200000,ğŸª‚ [__Fast Food Memes](https://t.me/ffmemesbot?start=sc_1802033_tgchannelru)__,1802033,19,1160
1710115200000,ğŸ©° [__Fast Food Memes](https://t.me/ffmemesbot?start=sc_1803200_tgchannelru)__,1803200,42,1300
1710374400000,ğŸª€ [__Fast Food Memes](https://t.me/ffmemesbot?start=sc_1855089_tgchannelru)__,1855089,22,1154
1710115200000,ğŸªª [__Fast Food Memes](https://t.me/ffmemesbot?start=sc_1866270_tgchannelru)__,1866270,22,1122
1710115200000,âš—ï¸ [__Fast Food Memes](https://t.me/ffmemesbot?start=sc_1871465_tgchannelru)__,1871465,15,1124
1710201600000,ğŸ¦ª [__Fast Food Memes](https://t.me/ffmemesbot?start=sc_1871483_tgchannelru)__,1871483,26,1135
1710201600000,ğŸ—ºï¸ [__Fast Food Memes](https://t.me/ffmemesbot?start=sc_1871548_tgchannelru)__,1871548,32,1155
1710288000000,ğŸŒº [__Fast Food Memes](https://t.me/ffmemesbot?start=sc_1876090_tgchannelru)__,1876090,29,1177
1710201600000,âš—ï¸ [__Fast Food Memes](https://t.me/ffmemesbot?start=sc_1879967_tgchannelru)__,1879967,61,1898
1710288000000,ğŸ„ [__Fast Food Memes](https://t.me/ffmemesbot?start=sc_1906045_tgchannelru)__,1906045,38,1230
1710288000000,ğŸ¤£ [__Fast Food Memes](https://t.me/ffmemesbot?start=sc_1906143_tgchannelru)__,1906143,24,1176
1710201600000,ğŸ›¼ [__Fast Food Memes](https://t.me/ffmemesbot?start=sc_1907247_tgchannelru)__,1907247,17,1132
1710288000000,ğŸª’ [__Fast Food Memes](https://t.me/ffmemesbot?start=sc_1959578_tgchannelru)__,1959578,17,1136
1710374400000,ğŸ¦§ [__Fast Food Memes](https://t.me/ffmemesbot?start=sc_1967742_tgchannelru)__,1967742,11,1118
1710201600000,ğŸª’ [__Fast Food Memes](https://t.me/ffmemesbot?start=sc_1967859_tgchannelru)__,1967859,34,1231
1710460800000,ğŸ¦¿ [__Fast Food Memes](https://t.me/ffmemesbot?start=sc_1968843_tgchannelru)__,1968843,23,1118
1710201600000,ğŸ©° [__Fast Food Memes](https://t.me/ffmemesbot?start=sc_1972587_tgchannelru)__,1972587,27,1149
1710374400000,ğŸŒº [__Fast Food Memes](https://t.me/ffmemesbot?start=sc_1985259_tgchannelru)__,1985259,12,1151
1710288000000,ğŸƒ [__Fast Food Memes](https://t.me/ffmemesbot?start=sc_2020638_tgchannelru)__,2020638,18,1137
1710547200000,ğŸªˆ [__Fast Food Memes](https://t.me/ffmemesbot?start=sc_2029262_tgchannelru)__,2029262,18,1221
1710288000000,"Ğ¥ÑƒĞ¹ Ğ·Ğ½Ğ°ĞµÑ‚, Ñ Ğ½Ğµ Ğ¾Ğ± ÑÑ‚Ğ¾Ğ¼ Ğ¼ĞµÑ‡Ñ‚Ğ°Ğ»Ğ°. Ğ”Ğ¾Ğ±Ñ€Ğ¾Ğµ ÑƒÑ‚Ñ€Ğ¾! Mental Wednesday 
ğŸ’—

ğŸ§† [__Fast Food Memes](https://t.me/ffmemesbot?start=sc_2070056_tgchannelru)__",2070056,5,1158
1710374400000,ğŸ¦§ [__Fast Food Memes](https://t.me/ffmemesbot?start=sc_2070099_tgchannelru)__,2070099,22,1107
1710720000000,ğŸ¦’ [__Fast Food Memes](https://t.me/ffmemesbot?start=sc_2114192_tgchannelru)__,2114192,25,1144
1710374400000,ğŸ´â€â˜ ï¸ [__Fast Food Memes](https://t.me/ffmemesbot?start=sc_2114364_tgchannelru)__,2114364,12,1128
1710374400000,ğŸ¦¼ [__Fast Food Memes](https://t.me/ffmemesbot?start=sc_2114814_tgchannelru)__,2114814,19,1105
1710633600000,âš—ï¸ [__Fast Food Memes](https://t.me/ffmemesbot?start=sc_2118317_tgchannelru)__,2118317,16,1234
1710460800000,ğŸ—ï¸ [__Fast Food Memes](https://t.me/ffmemesbot?start=sc_2154143_tgchannelru)__,2154143,14,1128
1710460800000,ğŸ [__Fast Food Memes](https://t.me/ffmemesbot?start=sc_2175883_tgchannelru)__,2175883,22,1180
1710547200000,ğŸ¤– [__Fast Food Memes](https://t.me/ffmemesbot?start=sc_2201310_tgchannelru)__,2201310,26,1153
1710633600000,ğŸ« [__Fast Food Memes](https://t.me/ffmemesbot?start=sc_2205903_tgchannelru)__,2205903,30,1104
1710460800000,ğŸ¦‹ [__Fast Food Memes](https://t.me/ffmemesbot?start=sc_2214511_tgchannelru)__,2214511,12,1075
1710460800000,ğŸ² [__Fast Food Memes](https://t.me/ffmemesbot?start=sc_2215307_tgchannelru)__,2215307,17,1132
1710547200000,ğŸ¤– [__Fast Food Memes](https://t.me/ffmemesbot?start=sc_2266810_tgchannelru)__,2266810,29,1190
1710460800000,ğŸ©µ [__Fast Food Memes](https://t.me/ffmemesbot?start=sc_2294754_tgchannelru)__,2294754,27,1255
1710547200000,ğŸ“Ÿ [__Fast Food Memes](https://t.me/ffmemesbot?start=sc_2309430_tgchannelru)__,2309430,24,1175
1710633600000,ğŸªº [__Fast Food Memes](https://t.me/ffmemesbot?start=sc_2315659_tgchannelru)__,2315659,26,1122
1710633600000,ğŸ—ºï¸ [__Fast Food Memes](https://t.me/ffmemesbot?start=sc_2409468_tgchannelru)__,2409468,7,1066
1710547200000,ğŸ©µ [__Fast Food Memes](https://t.me/ffmemesbot?start=sc_2413054_tgchannelru)__,2413054,9,1115
1710633600000,ğŸ¦’ [__Fast Food Memes](https://t.me/ffmemesbot?start=sc_2449187_tgchannelru)__,2449187,16,1098
1710633600000,ğŸ­ [__Fast Food Memes](https://t.me/ffmemesbot?start=sc_2461790_tgchannelru)__,2461790,30,1365
1710806400000,ğŸªˆ [__Fast Food Memes](https://t.me/ffmemesbot?start=sc_2499424_tgchannelru)__,2499424,27,1105
1710720000000,ğŸš¤ [__Fast Food Memes](https://t.me/ffmemesbot?start=sc_2503532_tgchannelru)__,2503532,45,1289
1710806400000,ğŸ¦¿ [__Fast Food Memes](https://t.me/ffmemesbot?start=sc_2511399_tgchannelru)__,2511399,21,1080
1710892800000,ğŸ [__Fast Food Memes](https://t.me/ffmemesbot?start=sc_2515939_tgchannelru)__,2515939,22,1133
1710892800000,âš—ï¸ [__Fast Food Memes](https://t.me/ffmemesbot?start=sc_2550932_tgchannelru)__,2550932,21,1111
1710720000000,ğŸ«— [__Fast Food Memes](https://t.me/ffmemesbot?start=sc_2563461_tgchannelru)__,2563461,27,1097
1710720000000,ğŸª¿ [__Fast Food Memes](https://t.me/ffmemesbot?start=sc_2563622_tgchannelru)__,2563622,21,1195
1710720000000,"ĞœĞµĞ½ÑŒÑˆĞ¸Ğ½ÑÑ‚Ğ²Ğ¾, Ğ´ĞµÑ€Ğ¶Ğ¸Ğ¼ÑÑ 
ğŸ¥°

ğŸ§¤ [__Fast Food Memes](https://t.me/ffmemesbot?start=sc_2568678_tgchannelru)__",2568678,6,1070
1710806400000,ğŸ [__Fast Food Memes](https://t.me/ffmemesbot?start=sc_2609719_tgchannelru)__,2609719,14,1055
1710892800000,ğŸ¿ [__Fast Food Memes](https://t.me/ffmemesbot?start=sc_2610494_tgchannelru)__,2610494,29,1171
1710806400000,ğŸª¿ [__Fast Food Memes](https://t.me/ffmemesbot?start=sc_2635084_tgchannelru)__,2635084,33,1183
1710892800000,ğŸ­ [__Fast Food Memes](https://t.me/ffmemesbot?start=sc_2648673_tgchannelru)__,2648673,8,1070
1710806400000,ğŸª¿ [__Fast Food Memes](https://t.me/ffmemesbot?start=sc_2687064_tgchannelru)__,2687064,25,1132
1711065600000,ğŸ¥‹ [__Fast Food Memes](https://t.me/ffmemesbot?start=sc_2699161_tgchannelru)__,2699161,21,1098
1710892800000,ğŸ¥ [__Fast Food Memes](https://t.me/ffmemesbot?start=sc_2699340_tgchannelru)__,2699340,17,1150
1710806400000,ğŸš¤ [__Fast Food Memes](https://t.me/ffmemesbot?start=sc_2699380_tgchannelru)__,2699380,19,1114
1710892800000,ğŸ­ [__Fast Food Memes](https://t.me/ffmemesbot?start=sc_2713055_tgchannelru)__,2713055,40,1170
1710979200000,ğŸ§¾ [__Fast Food Memes](https://t.me/ffmemesbot?start=sc_2748134_tgchannelru)__,2748134,11,1092
1710979200000,ğŸ¦‹ [__Fast Food Memes](https://t.me/ffmemesbot?start=sc_2800100_tgchannelru)__,2800100,14,1121
1710979200000,ğŸŒ [__Fast Food Memes](https://t.me/ffmemesbot?start=sc_2813597_tgchannelru)__,2813597,32,1227
1710979200000,ğŸ¥ [__Fast Food Memes](https://t.me/ffmemesbot?start=sc_2817798_tgchannelru)__,2817798,33,1142
1710979200000,ğŸš¤ [__Fast Food Memes](https://t.me/ffmemesbot?start=sc_2862158_tgchannelru)__,2862158,6,1107
1711238400000,ğŸŠğŸ»â€â™‚ï¸ [__Fast Food Memes](https://t.me/ffmemesbot?start=sc_2914449_tgchannelru)__,2914449,36,1176
1710979200000,ğŸŠğŸ»â€â™‚ï¸ [__Fast Food Memes](https://t.me/ffmemesbot?start=sc_2914483_tgchannelru)__,2914483,31,1287
1711065600000,ğŸ¥‹ [__Fast Food Memes](https://t.me/ffmemesbot?start=sc_2917533_tgchannelru)__,2917533,27,1152
1711065600000,ğŸš¤ [__Fast Food Memes](https://t.me/ffmemesbot?start=sc_2954194_tgchannelru)__,2954194,31,1229
1711152000000,ğŸ¦‹ [__Fast Food Memes](https://t.me/ffmemesbot?start=sc_3001869_tgchannelru)__,3001869,10,1104
1711152000000,ğŸ¿ [__Fast Food Memes](https://t.me/ffmemesbot?start=sc_3014638_tgchannelru)__,3014638,22,1138
1711065600000,ğŸŒ [__Fast Food Memes](https://t.me/ffmemesbot?start=sc_3018663_tgchannelru)__,3018663,24,1164
1711065600000,ğŸ¦§ [__Fast Food Memes](https://t.me/ffmemesbot?start=sc_3031884_tgchannelru)__,3031884,20,1139
1711152000000,ğŸª€ [__Fast Food Memes](https://t.me/ffmemesbot?start=sc_3039184_tgchannelru)__,3039184,26,1206
1711152000000,ğŸ [__Fast Food Memes](https://t.me/ffmemesbot?start=sc_3051830_tgchannelru)__,3051830,25,1124
1711152000000,ğŸ¿ [__Fast Food Memes](https://t.me/ffmemesbot?start=sc_3064863_tgchannelru)__,3064863,23,1132
1711152000000,ğŸ–²ï¸ [__Fast Food Memes](https://t.me/ffmemesbot?start=sc_3120276_tgchannelru)__,3120276,28,1173
1711238400000,ğŸ¦” [__Fast Food Memes](https://t.me/ffmemesbot?start=sc_3160078_tgchannelru)__,3160078,31,1201
1711238400000,ğŸ´â€â˜ ï¸ [__Fast Food Memes](https://t.me/ffmemesbot?start=sc_3167889_tgchannelru)__,3167889,25,1238
1711238400000,ğŸ² [__Fast Food Memes](https://t.me/ffmemesbot?start=sc_3209667_tgchannelru)__,3209667,21,1168
1711411200000,ğŸ‘‰ [__Fast Food Memes](https://t.me/ffmemesbot?start=sc_3209713_tgchannelru)__,3209713,23,1134
1711238400000,ğŸª‚ [__Fast Food Memes](https://t.me/ffmemesbot?start=sc_3217659_tgchannelru)__,3217659,31,1164
1711324800000,ğŸ©µ [__Fast Food Memes](https://t.me/ffmemesbot?start=sc_3251369_tgchannelru)__,3251369,28,1244
1711324800000,ğŸ§† [__Fast Food Memes](https://t.me/ffmemesbot?start=sc_3255746_tgchannelru)__,3255746,16,1129
1711324800000,ğŸªˆ [__Fast Food Memes](https://t.me/ffmemesbot?start=sc_3265418_tgchannelru)__,3265418,14,1117
1711324800000,ğŸ­ [__Fast Food Memes](https://t.me/ffmemesbot?start=sc_3303082_tgchannelru)__,3303082,39,1310
1711324800000,ğŸ“Ÿ [__Fast Food Memes](https://t.me/ffmemesbot?start=sc_3306839_tgchannelru)__,3306839,15,1149
1711411200000,ğŸ§–ğŸ»â€â™‚ï¸ [__Fast Food Memes](https://t.me/ffmemesbot?start=sc_3307211_tgchannelru)__,3307211,17,1157
1711411200000,ğŸ¥ [__Fast Food Memes](https://t.me/ffmemesbot?start=sc_3312143_tgchannelru)__,3312143,30,1245
1711497600000,ğŸ¦ª [__Fast Food Memes](https://t.me/ffmemesbot?start=sc_3341958_tgchannelru)__,3341958,29,1198
1711497600000,ğŸ [__Fast Food Memes](https://t.me/ffmemesbot?start=sc_3342789_tgchannelru)__,3342789,23,1183
1711411200000,ğŸ² [__Fast Food Memes](https://t.me/ffmemesbot?start=sc_3358840_tgchannelru)__,3358840,11,1147
1711756800000,ğŸª¿ [__Fast Food Memes](https://t.me/ffmemesbot?start=sc_3363155_tgchannelru)__,3363155,7,1159
1711670400000,ğŸ« [__Fast Food Memes](https://t.me/ffmemesbot?start=sc_3400480_tgchannelru)__,3400480,13,1184
1711411200000,ğŸ©µ [__Fast Food Memes](https://t.me/ffmemesbot?start=sc_3413468_tgchannelru)__,3413468,31,1180
1711756800000,ğŸ’  [__Fast Food Memes](https://t.me/ffmemesbot?start=sc_3416860_tgchannelru)__,3416860,9,1123
1711411200000,ğŸ­ [__Fast Food Memes](https://t.me/ffmemesbot?start=sc_3436821_tgchannelru)__,3436821,18,1135
1711497600000,ğŸš¤ [__Fast Food Memes](https://t.me/ffmemesbot?start=sc_3441162_tgchannelru)__,3441162,45,1245
1711497600000,ğŸ”– [__Fast Food Memes](https://t.me/ffmemesbot?start=sc_3449912_tgchannelru)__,3449912,35,1197
1711497600000,ğŸ¥ [__Fast Food Memes](https://t.me/ffmemesbot?start=sc_3459037_tgchannelru)__,3459037,3,1106
1711497600000,ğŸ¦§ [__Fast Food Memes](https://t.me/ffmemesbot?start=sc_3463724_tgchannelru)__,3463724,16,1159
1711843200000,ğŸ¦§ [__Fast Food Memes](https://t.me/ffmemesbot?start=sc_3467875_tgchannelru)__,3467875,20,1259
1711756800000,ğŸ¥ [__Fast Food Memes](https://t.me/ffmemesbot?start=sc_3516439_tgchannelru)__,3516439,27,1267
1711584000000,"Ğ­Ğ½ĞµÑ€Ğ³ĞµÑ‚Ğ¸ĞºĞ° Ğ´Ğ½Ñ:

ğŸ¥ [__Fast Food Memes](https://t.me/ffmemesbot?start=sc_3521358_tgchannelru)__",3521358,43,1329
1711584000000,ğŸ“Ÿ [__Fast Food Memes](https://t.me/ffmemesbot?start=sc_3524937_tgchannelru)__,3524937,21,1174
1711670400000,ğŸ§¤ [__Fast Food Memes](https://t.me/ffmemesbot?start=sc_3525758_tgchannelru)__,3525758,53,1420
1711843200000,ğŸ—ï¸ [__Fast Food Memes](https://t.me/ffmemesbot?start=sc_3551186_tgchannelru)__,3551186,19,1363
1711584000000,ğŸŒº [__Fast Food Memes](https://t.me/ffmemesbot?start=sc_3551622_tgchannelru)__,3551622,49,1365
1711584000000,ğŸ§¤ [__Fast Food Memes](https://t.me/ffmemesbot?start=sc_3565413_tgchannelru)__,3565413,33,1265
1711670400000,ğŸªª [__Fast Food Memes](https://t.me/ffmemesbot?start=sc_3569744_tgchannelru)__,3569744,9,1136
1711929600000,ğŸ› ï¸ [__Fast Food Memes](https://t.me/ffmemesbot?start=sc_3570067_tgchannelru)__,3570067,26,1459
1711670400000,ğŸ¦§ [__Fast Food Memes](https://t.me/ffmemesbot?start=sc_3613938_tgchannelru)__,3613938,22,1237
1711670400000,ğŸ­ [__Fast Food Memes](https://t.me/ffmemesbot?start=sc_3618282_tgchannelru)__,3618282,29,1452
1711584000000,ğŸ§¾ [__Fast Food Memes](https://t.me/ffmemesbot?start=sc_3618830_tgchannelru)__,3618830,21,1218
1711756800000,ğŸ‘‰ [__Fast Food Memes](https://t.me/ffmemesbot?start=sc_3635692_tgchannelru)__,3635692,13,1150
1711670400000,ğŸ¥ [__Fast Food Memes](https://t.me/ffmemesbot?start=sc_3719535_tgchannelru)__,3719535,38,1291
1711756800000,ğŸ« [__Fast Food Memes](https://t.me/ffmemesbot?start=sc_3723536_tgchannelru)__,3723536,24,1202
1711756800000,ğŸ¦§ [__Fast Food Memes](https://t.me/ffmemesbot?start=sc_3767647_tgchannelru)__,3767647,5,1138
1711843200000,ğŸ§¤ [__Fast Food Memes](https://t.me/ffmemesbot?start=sc_3824529_tgchannelru)__,3824529,6,1293
1711843200000,ğŸ©° [__Fast Food Memes](https://t.me/ffmemesbot?start=sc_3833858_tgchannelru)__,3833858,42,1467
1711929600000,ğŸ©° [__Fast Food Memes](https://t.me/ffmemesbot?start=sc_3858699_tgchannelru)__,3858699,23,1373
1711929600000,ğŸª¿ [__Fast Food Memes](https://t.me/ffmemesbot?start=sc_3858794_tgchannelru)__,3858794,33,1543
1711843200000,ğŸ¤º [__Fast Food Memes](https://t.me/ffmemesbot?start=sc_3859587_tgchannelru)__,3859587,20,1562
1712102400000,ğŸ¦¼ [__Fast Food Memes](https://t.me/ffmemesbot?start=sc_3867070_tgchannelru)__,3867070,21,1310
1712016000000,ğŸ´â€â˜ ï¸ [__Fast Food Memes](https://t.me/ffmemesbot?start=sc_3867876_tgchannelru)__,3867876,31,1398
1711843200000,ğŸ´â€â˜ ï¸ [__Fast Food Memes](https://t.me/ffmemesbot?start=sc_3871789_tgchannelru)__,3871789,39,1472
1711843200000,ğŸ¿ [__Fast Food Memes](https://t.me/ffmemesbot?start=sc_3923935_tgchannelru)__,3923935,6,1324
1712188800000,ğŸ«’ [__Fast Food Memes](https://t.me/ffmemesbot?start=sc_3928967_tgchannelru)__,3928967,29,1279
1712016000000,ğŸ§† [__Fast Food Memes](https://t.me/ffmemesbot?start=sc_3993297_tgchannelru)__,3993297,23,1353
1711929600000,ğŸ«’ [__Fast Food Memes](https://t.me/ffmemesbot?start=sc_4028311_tgchannelru)__,4028311,33,1699
1712016000000,ğŸ¤– [__Fast Food Memes](https://t.me/ffmemesbot?start=sc_4062845_tgchannelru)__,4062845,42,1408
1712016000000,ğŸª¿ [__Fast Food Memes](https://t.me/ffmemesbot?start=sc_4076121_tgchannelru)__,4076121,20,1272
1712016000000,ğŸªˆ [__Fast Food Memes](https://t.me/ffmemesbot?start=sc_4079789_tgchannelru)__,4079789,14,1313
1711929600000,ğŸ¦© [__Fast Food Memes](https://t.me/ffmemesbot?start=sc_4079949_tgchannelru)__,4079949,22,1345
1712102400000,ğŸ©µ [__Fast Food Memes](https://t.me/ffmemesbot?start=sc_4083807_tgchannelru)__,4083807,23,1256
1712102400000,ğŸ¤– [__Fast Food Memes](https://t.me/ffmemesbot?start=sc_4128276_tgchannelru)__,4128276,51,1412
1712016000000,ğŸš¤ [__Fast Food Memes](https://t.me/ffmemesbot?start=sc_4166787_tgchannelru)__,4166787,49,1335
1712102400000,ğŸ«’ [__Fast Food Memes](https://t.me/ffmemesbot?start=sc_4166913_tgchannelru)__,4166913,36,1249
1712102400000,ğŸ› ï¸ [__Fast Food Memes](https://t.me/ffmemesbot?start=sc_4219635_tgchannelru)__,4219635,20,1269
1712188800000,ğŸ‘‰ [__Fast Food Memes](https://t.me/ffmemesbot?start=sc_4236782_tgchannelru)__,4236782,26,1278
1712188800000,ğŸ§« [__Fast Food Memes](https://t.me/ffmemesbot?start=sc_4277779_tgchannelru)__,4277779,38,1382
1712275200000,âš—ï¸ [__Fast Food Memes](https://t.me/ffmemesbot?start=sc_4281232_tgchannelru)__,4281232,23,1257
1712102400000,ğŸ¿ [__Fast Food Memes](https://t.me/ffmemesbot?start=sc_4281343_tgchannelru)__,4281343,11,1210
1712188800000,ğŸ¦‹ [__Fast Food Memes](https://t.me/ffmemesbot?start=sc_4285721_tgchannelru)__,4285721,20,1261
1712361600000,ğŸ§« [__Fast Food Memes](https://t.me/ffmemesbot?start=sc_4285851_tgchannelru)__,4285851,21,1272
1712275200000,ğŸ¤º [__Fast Food Memes](https://t.me/ffmemesbot?start=sc_4332653_tgchannelru)__,4332653,42,1300
1712188800000,ğŸ¦¼ [__Fast Food Memes](https://t.me/ffmemesbot?start=sc_4371131_tgchannelru)__,4371131,27,1293
1712448000000,ğŸ’  [__Fast Food Memes](https://t.me/ffmemesbot?start=sc_4371195_tgchannelru)__,4371195,24,1301
1712361600000,ğŸ’  [__Fast Food Memes](https://t.me/ffmemesbot?start=sc_4371863_tgchannelru)__,4371863,34,1235
1712275200000,ğŸ„ [__Fast Food Memes](https://t.me/ffmemesbot?start=sc_4372058_tgchannelru)__,4372058,39,1288
1712188800000,ğŸ« [__Fast Food Memes](https://t.me/ffmemesbot?start=sc_4390359_tgchannelru)__,4390359,7,1207
1712275200000,ğŸ [__Fast Food Memes](https://t.me/ffmemesbot?start=sc_4443744_tgchannelru)__,4443744,39,1278
1712361600000,ğŸ’  [__Fast Food Memes](https://t.me/ffmemesbot?start=sc_4478289_tgchannelru)__,4478289,14,1230
1712361600000,ğŸ [__Fast Food Memes](https://t.me/ffmemesbot?start=sc_4478627_tgchannelru)__,4478627,38,1287
1712275200000,ğŸ¦¿ [__Fast Food Memes](https://t.me/ffmemesbot?start=sc_4478800_tgchannelru)__,4478800,15,1210
1712534400000,ğŸŠğŸ»â€â™‚ï¸ [__Fast Food Memes](https://t.me/ffmemesbot?start=sc_4479100_tgchannelru)__,4479100,33,1199
1712448000000,ğŸ¦© [__Fast Food Memes](https://t.me/ffmemesbot?start=sc_4483306_tgchannelru)__,4483306,18,1367
1712361600000,ğŸ“Ÿ [__Fast Food Memes](https://t.me/ffmemesbot?start=sc_4491891_tgchannelru)__,4491891,14,1290
1712275200000,ğŸ´â€â˜ ï¸ [__Fast Food Memes](https://t.me/ffmemesbot?start=sc_4492952_tgchannelru)__,4492952,7,1178
1712448000000,ğŸ¥ [__Fast Food Memes](https://t.me/ffmemesbot?start=sc_4551128_tgchannelru)__,4551128,28,1264
1712361600000,ğŸ’  [__Fast Food Memes](https://t.me/ffmemesbot?start=sc_4551524_tgchannelru)__,4551524,27,1274
1712448000000,ğŸ¤£ [__Fast Food Memes](https://t.me/ffmemesbot?start=sc_4558947_tgchannelru)__,4558947,14,1248
1712448000000,ğŸ«’ [__Fast Food Memes](https://t.me/ffmemesbot?start=sc_4599847_tgchannelru)__,4599847,12,1259
1712534400000,ğŸ«’ [__Fast Food Memes](https://t.me/ffmemesbot?start=sc_4634391_tgchannelru)__,4634391,33,1256
1712448000000,ğŸª€ [__Fast Food Memes](https://t.me/ffmemesbot?start=sc_4661313_tgchannelru)__,4661313,16,1239
1712793600000,ğŸ›¼ [__Fast Food Memes](https://t.me/ffmemesbot?start=sc_4662047_tgchannelru)__,4662047,20,1190
1712534400000,"ĞĞ´Ğ¼Ğ¸Ğ½ ÑÑ‚Ğ°Ğ»Ğ° Ñ‡ĞµÑ€Ğ²Ñ‘Ğ¼, Ñ‡Ñ‚Ğ¾Ğ±Ñ‹ Ğ¿Ñ€Ğ¾Ğ²ĞµÑ€Ğ¸Ñ‚ÑŒ Ğ½Ğ° Ğ¿Ñ€Ğ¾Ñ‡Ğ½Ğ¾ÑÑ‚ÑŒ Ğ²Ğ°ÑˆÑƒ Ğ»ÑĞ±Ğ¾Ğ²ÑŒ (Ğ¸ Ğ¼Ğ°Ğ¼Ğ¸Ğ½Ñƒ)

ğŸ« [__Fast Food Memes](https://t.me/ffmemesbot?start=sc_4719976_tgchannelru)__",4719976,4,1198
1712707200000,ğŸ¤– [__Fast Food Memes](https://t.me/ffmemesbot?start=sc_4720327_tgchannelru)__,4720327,25,1154
1712793600000,ğŸ [__Fast Food Memes](https://t.me/ffmemesbot?start=sc_4724577_tgchannelru)__,4724577,29,1177
1712534400000,ğŸª¿ [__Fast Food Memes](https://t.me/ffmemesbot?start=sc_4741649_tgchannelru)__,4741649,19,1215
1712534400000,ğŸŒº [__Fast Food Memes](https://t.me/ffmemesbot?start=sc_4742282_tgchannelru)__,4742282,61,1372
1712620800000,ğŸ [__Fast Food Memes](https://t.me/ffmemesbot?start=sc_4763094_tgchannelru)__,4763094,11,1185
1712534400000,ğŸ¦‹ [__Fast Food Memes](https://t.me/ffmemesbot?start=sc_4799926_tgchannelru)__,4799926,29,1193
1712620800000,ğŸª’ [__Fast Food Memes](https://t.me/ffmemesbot?start=sc_4804028_tgchannelru)__,4804028,35,1261
1712620800000,"Ğ“Ğ´Ğµ oreo mayonnaise??

ğŸ–²ï¸ [__Fast Food Memes](https://t.me/ffmemesbot?start=sc_4818880_tgchannelru)__",4818880,23,1205
1712620800000,ğŸª’ [__Fast Food Memes](https://t.me/ffmemesbot?start=sc_4839230_tgchannelru)__,4839230,20,1229
1712620800000,ğŸ¦¿ [__Fast Food Memes](https://t.me/ffmemesbot?start=sc_4856209_tgchannelru)__,4856209,18,1205
1712707200000,ğŸª‚ [__Fast Food Memes](https://t.me/ffmemesbot?start=sc_4865320_tgchannelru)__,4865320,21,1189
1712620800000,ğŸ©° [__Fast Food Memes](https://t.me/ffmemesbot?start=sc_4869307_tgchannelru)__,4869307,16,1296
1713052800000,ğŸ¦© [__Fast Food Memes](https://t.me/ffmemesbot?start=sc_4873761_tgchannelru)__,4873761,30,1135
1712880000000,ğŸ“Ÿ [__Fast Food Memes](https://t.me/ffmemesbot?start=sc_4903096_tgchannelru)__,4903096,12,1094
1713052800000,ğŸ—ï¸ [__Fast Food Memes](https://t.me/ffmemesbot?start=sc_4903350_tgchannelru)__,4903350,30,1109
1712707200000,ğŸ—ï¸ [__Fast Food Memes](https://t.me/ffmemesbot?start=sc_4921570_tgchannelru)__,4921570,23,1414
1712707200000,ğŸª¿ [__Fast Food Memes](https://t.me/ffmemesbot?start=sc_4953894_tgchannelru)__,4953894,19,1149
1712707200000,ğŸ©° [__Fast Food Memes](https://t.me/ffmemesbot?start=sc_4970673_tgchannelru)__,4970673,35,1225
1712707200000,ğŸª¿ [__Fast Food Memes](https://t.me/ffmemesbot?start=sc_4970800_tgchannelru)__,4970800,36,1230
1712793600000,ğŸ§¾ [__Fast Food Memes](https://t.me/ffmemesbot?start=sc_4970803_tgchannelru)__,4970803,20,1167
1712793600000,ğŸªº [__Fast Food Memes](https://t.me/ffmemesbot?start=sc_5011223_tgchannelru)__,5011223,17,1198
1712880000000,ğŸ­ [__Fast Food Memes](https://t.me/ffmemesbot?start=sc_5012273_tgchannelru)__,5012273,37,1237
1712793600000,ğŸ–²ï¸ [__Fast Food Memes](https://t.me/ffmemesbot?start=sc_5030566_tgchannelru)__,5030566,34,1340
1712880000000,ğŸ§¤ [__Fast Food Memes](https://t.me/ffmemesbot?start=sc_5081000_tgchannelru)__,5081000,31,1163
1712793600000,ğŸ [__Fast Food Memes](https://t.me/ffmemesbot?start=sc_5085470_tgchannelru)__,5085470,37,1176
1712880000000,ğŸŒº [__Fast Food Memes](https://t.me/ffmemesbot?start=sc_5094276_tgchannelru)__,5094276,7,1091
1713139200000,ğŸ [__Fast Food Memes](https://t.me/ffmemesbot?start=sc_5098388_tgchannelru)__,5098388,31,1231
1713052800000,ğŸ›¼ [__Fast Food Memes](https://t.me/ffmemesbot?start=sc_5157267_tgchannelru)__,5157267,22,1211
1712966400000,ğŸªº [__Fast Food Memes](https://t.me/ffmemesbot?start=sc_5173644_tgchannelru)__,5173644,37,1183
1712880000000,ğŸ‘‰ [__Fast Food Memes](https://t.me/ffmemesbot?start=sc_5183408_tgchannelru)__,5183408,27,1143
1712966400000,ğŸ§¤ [__Fast Food Memes](https://t.me/ffmemesbot?start=sc_5183568_tgchannelru)__,5183568,8,1094
1712880000000,"So accurate

ğŸª’ [__Fast Food Memes](https://t.me/ffmemesbot?start=sc_5199831_tgchannelru)__",5199831,11,1119
1712966400000,ğŸ„ [__Fast Food Memes](https://t.me/ffmemesbot?start=sc_5205303_tgchannelru)__,5205303,46,1185
1712966400000,ğŸª’ [__Fast Food Memes](https://t.me/ffmemesbot?start=sc_5254204_tgchannelru)__,5254204,13,1124
1712966400000,ğŸ§¤ [__Fast Food Memes](https://t.me/ffmemesbot?start=sc_5282765_tgchannelru)__,5282765,27,1144
1713052800000,ğŸ§Œ [__Fast Food Memes](https://t.me/ffmemesbot?start=sc_5292126_tgchannelru)__,5292126,6,1099
1712966400000,ğŸ¤£ [__Fast Food Memes](https://t.me/ffmemesbot?start=sc_5298228_tgchannelru)__,5298228,30,1175
1713052800000,ğŸ”– [__Fast Food Memes](https://t.me/ffmemesbot?start=sc_5381911_tgchannelru)__,5381911,20,1173
1713052800000,ğŸ§† [__Fast Food Memes](https://t.me/ffmemesbot?start=sc_5395623_tgchannelru)__,5395623,11,1106
1713139200000,ğŸ«— [__Fast Food Memes](https://t.me/ffmemesbot?start=sc_5439914_tgchannelru)__,5439914,19,1204
1713312000000,ğŸ§¤ [__Fast Food Memes](https://t.me/ffmemesbot?start=sc_5445054_tgchannelru)__,5445054,23,1173
1713139200000,ğŸ› ï¸ [__Fast Food Memes](https://t.me/ffmemesbot?start=sc_5457569_tgchannelru)__,5457569,19,1176
1713225600000,ğŸ‘‰ [__Fast Food Memes](https://t.me/ffmemesbot?start=sc_5457704_tgchannelru)__,5457704,19,1181
1713139200000,ğŸ¦ª [__Fast Food Memes](https://t.me/ffmemesbot?start=sc_5457957_tgchannelru)__,5457957,60,1320
1713139200000,ğŸš¤ [__Fast Food Memes](https://t.me/ffmemesbot?start=sc_5466745_tgchannelru)__,5466745,20,1208
1713225600000,ğŸ—ï¸ [__Fast Food Memes](https://t.me/ffmemesbot?start=sc_5499595_tgchannelru)__,5499595,32,1173
1713139200000,ğŸ´â€â˜ ï¸ [__Fast Food Memes](https://t.me/ffmemesbot?start=sc_5503711_tgchannelru)__,5503711,12,1146
1713225600000,ğŸ›– [__Fast Food Memes](https://t.me/ffmemesbot?start=sc_5518156_tgchannelru)__,5518156,39,1163
1713225600000,ğŸ§¤ [__Fast Food Memes](https://t.me/ffmemesbot?start=sc_5550230_tgchannelru)__,5550230,10,1107
1713225600000,ğŸ¦’ [__Fast Food Memes](https://t.me/ffmemesbot?start=sc_5562683_tgchannelru)__,5562683,21,1139
1713225600000,ğŸ¦© [__Fast Food Memes](https://t.me/ffmemesbot?start=sc_5571472_tgchannelru)__,5571472,21,1191
1713484800000,ğŸª’ [__Fast Food Memes](https://t.me/ffmemesbot?start=sc_5575035_tgchannelru)__,5575035,31,1174
1713312000000,ğŸƒ [__Fast Food Memes](https://t.me/ffmemesbot?start=sc_5602677_tgchannelru)__,5602677,21,1125
1713484800000,ğŸ´â€â˜ ï¸ [__Fast Food Memes](https://t.me/ffmemesbot?start=sc_5606424_tgchannelru)__,5606424,10,1129
1713484800000,ğŸ¤£ [__Fast Food Memes](https://t.me/ffmemesbot?start=sc_5616415_tgchannelru)__,5616415,25,1167
1713398400000,ğŸ¦’ [__Fast Food Memes](https://t.me/ffmemesbot?start=sc_5620059_tgchannelru)__,5620059,26,1157
1713571200000,ğŸ‘‰ [__Fast Food Memes](https://t.me/ffmemesbot?start=sc_5634125_tgchannelru)__,5634125,18,1175
1713312000000,ğŸ [__Fast Food Memes](https://t.me/ffmemesbot?start=sc_5660399_tgchannelru)__,5660399,20,1166
1713312000000,ğŸ«’ [__Fast Food Memes](https://t.me/ffmemesbot?start=sc_5661379_tgchannelru)__,5661379,14,1123
1713398400000,ğŸ [__Fast Food Memes](https://t.me/ffmemesbot?start=sc_5668989_tgchannelru)__,5668989,34,1239
1713657600000,ğŸ—ï¸ [__Fast Food Memes](https://t.me/ffmemesbot?start=sc_5687648_tgchannelru)__,5687648,24,1248
1713398400000,ğŸªˆ [__Fast Food Memes](https://t.me/ffmemesbot?start=sc_5701087_tgchannelru)__,5701087,33,1181
1713571200000,ğŸ„ [__Fast Food Memes](https://t.me/ffmemesbot?start=sc_5712123_tgchannelru)__,5712123,34,1261
1713312000000,ğŸ› ï¸ [__Fast Food Memes](https://t.me/ffmemesbot?start=sc_5724769_tgchannelru)__,5724769,17,1214
1713398400000,ğŸ©° [__Fast Food Memes](https://t.me/ffmemesbot?start=sc_5769636_tgchannelru)__,5769636,24,1178
1713657600000,ğŸ´â€â˜ ï¸ [__Fast Food Memes](https://t.me/ffmemesbot?start=sc_5769969_tgchannelru)__,5769969,14,1177
1713398400000,ğŸ¦§ [__Fast Food Memes](https://t.me/ffmemesbot?start=sc_5774135_tgchannelru)__,5774135,17,1170
1713398400000,ğŸª€ [__Fast Food Memes](https://t.me/ffmemesbot?start=sc_5782710_tgchannelru)__,5782710,20,1167
1713484800000,ğŸ§¾ [__Fast Food Memes](https://t.me/ffmemesbot?start=sc_5787355_tgchannelru)__,5787355,16,1151
1713484800000,ğŸ«’ [__Fast Food Memes](https://t.me/ffmemesbot?start=sc_5842107_tgchannelru)__,5842107,27,1181
1713571200000,ğŸ›¼ [__Fast Food Memes](https://t.me/ffmemesbot?start=sc_5856208_tgchannelru)__,5856208,37,1191
1713571200000,ğŸ©° [__Fast Food Memes](https://t.me/ffmemesbot?start=sc_5890907_tgchannelru)__,5890907,23,1142
1713484800000,"Glow up Ğ¦ÑƒĞºĞµĞ½Ğ±ĞµÑ€Ğ³Ğ°..ÑÑ€Ğ°Ğ·Ñƒ Ğ¿Ğ¾ÑĞ»Ğµ Ğ¸Ğ½Ñ‚ĞµÑ€Ğ²ÑŒÑ Ğ½Ğ°ÑˆĞµĞ³Ğ¾ ĞŸĞ°ÑˆĞºĞ¸â€¦. Ğ¡Ğ¾Ğ²Ğ¿Ğ°Ğ´ĞµĞ½Ğ¸Ğµ? ĞœÑ‹ Ğ½Ğµ ÑĞ¾Ğ²ÑĞµĞ¼ Ñ‚ÑƒĞ¿Ñ‹Ğµ, Ğ¾Ğº? 
ğŸ˜

ğŸ¦‹ [__Fast Food Memes](https://t.me/ffmemesbot?start=sc_5899479_tgchannelru)__",5899479,12,1211
1713571200000,ğŸ¿ [__Fast Food Memes](https://t.me/ffmemesbot?start=sc_5953880_tgchannelru)__,5953880,28,1327
1713657600000,ğŸƒ [__Fast Food Memes](https://t.me/ffmemesbot?start=sc_5957568_tgchannelru)__,5957568,20,1161
1713571200000,ğŸª’ [__Fast Food Memes](https://t.me/ffmemesbot?start=sc_5986784_tgchannelru)__,5986784,21,1167
1713657600000,ğŸªª [__Fast Food Memes](https://t.me/ffmemesbot?start=sc_6004717_tgchannelru)__,6004717,30,1352
1713657600000,ğŸ„ [__Fast Food Memes](https://t.me/ffmemesbot?start=sc_6043873_tgchannelru)__,6043873,23,1171
1713657600000,ğŸ„ [__Fast Food Memes](https://t.me/ffmemesbot?start=sc_6056785_tgchannelru)__,6056785,21,1155
1713744000000,ğŸ¦¿ [__Fast Food Memes](https://t.me/ffmemesbot?start=sc_6111603_tgchannelru)__,6111603,30,1221
1713744000000,ğŸ¤º [__Fast Food Memes](https://t.me/ffmemesbot?start=sc_6150498_tgchannelru)__,6150498,29,1232
1713830400000,ğŸ­ [__Fast Food Memes](https://t.me/ffmemesbot?start=sc_6151125_tgchannelru)__,6151125,46,1331
1713744000000,ğŸ›¼ [__Fast Food Memes](https://t.me/ffmemesbot?start=sc_6151494_tgchannelru)__,6151494,37,1209
1713744000000,ğŸŠğŸ»â€â™‚ï¸ [__Fast Food Memes](https://t.me/ffmemesbot?start=sc_6160791_tgchannelru)__,6160791,6,1167
1713744000000,ğŸ›– [__Fast Food Memes](https://t.me/ffmemesbot?start=sc_6212037_tgchannelru)__,6212037,19,1180
1713916800000,ğŸŒ [__Fast Food Memes](https://t.me/ffmemesbot?start=sc_6221815_tgchannelru)__,6221815,23,1130
1713744000000,ğŸ©µ [__Fast Food Memes](https://t.me/ffmemesbot?start=sc_6229482_tgchannelru)__,6229482,8,1118
1713830400000,ğŸª’ [__Fast Food Memes](https://t.me/ffmemesbot?start=sc_6262973_tgchannelru)__,6262973,10,1169
1713830400000,ğŸª¿ [__Fast Food Memes](https://t.me/ffmemesbot?start=sc_6280467_tgchannelru)__,6280467,69,1541
1714003200000,ğŸ§† [__Fast Food Memes](https://t.me/ffmemesbot?start=sc_6310503_tgchannelru)__,6310503,22,1179
1713830400000,ğŸ§¤ [__Fast Food Memes](https://t.me/ffmemesbot?start=sc_6310675_tgchannelru)__,6310675,37,1203
1714176000000,ğŸ¥ [__Fast Food Memes](https://t.me/ffmemesbot?start=sc_6310714_tgchannelru)__,6310714,20,1079
1713830400000,ğŸ§† [__Fast Food Memes](https://t.me/ffmemesbot?start=sc_6311461_tgchannelru)__,6311461,20,1146
1713916800000,ğŸ­ [__Fast Food Memes](https://t.me/ffmemesbot?start=sc_6329244_tgchannelru)__,6329244,34,1161
1713916800000,ğŸ«’ [__Fast Food Memes](https://t.me/ffmemesbot?start=sc_6364915_tgchannelru)__,6364915,25,1175
1713916800000,ğŸ­ [__Fast Food Memes](https://t.me/ffmemesbot?start=sc_6377139_tgchannelru)__,6377139,2,1119
1713916800000,ğŸ¦§ [__Fast Food Memes](https://t.me/ffmemesbot?start=sc_6414026_tgchannelru)__,6414026,27,1268
1714003200000,ğŸªˆ [__Fast Food Memes](https://t.me/ffmemesbot?start=sc_6427479_tgchannelru)__,6427479,59,1465
1713916800000,ğŸ§† [__Fast Food Memes](https://t.me/ffmemesbot?start=sc_6448353_tgchannelru)__,6448353,36,1293
1714003200000,ğŸ©° [__Fast Food Memes](https://t.me/ffmemesbot?start=sc_6473581_tgchannelru)__,6473581,30,1231
1714089600000,ğŸ§¤ [__Fast Food Memes](https://t.me/ffmemesbot?start=sc_6491078_tgchannelru)__,6491078,32,1429
1714348800000,ğŸŠğŸ»â€â™‚ï¸ [__Fast Food Memes](https://t.me/ffmemesbot?start=sc_6498945_tgchannelru)__,6498945,19,1054
1714003200000,ğŸ¦” [__Fast Food Memes](https://t.me/ffmemesbot?start=sc_6499583_tgchannelru)__,6499583,11,1327
1714003200000,ğŸ¦© [__Fast Food Memes](https://t.me/ffmemesbot?start=sc_6514036_tgchannelru)__,6514036,50,1586
1714089600000,ğŸ¦‹ [__Fast Food Memes](https://t.me/ffmemesbot?start=sc_6526867_tgchannelru)__,6526867,20,1506
1714003200000,ğŸ¿ [__Fast Food Memes](https://t.me/ffmemesbot?start=sc_6531943_tgchannelru)__,6531943,56,1528
1714176000000,ğŸ [__Fast Food Memes](https://t.me/ffmemesbot?start=sc_6562545_tgchannelru)__,6562545,31,1136
1714089600000,ğŸŒº [__Fast Food Memes](https://t.me/ffmemesbot?start=sc_6567855_tgchannelru)__,6567855,15,1236
1714089600000,ğŸ‘‰ [__Fast Food Memes](https://t.me/ffmemesbot?start=sc_6602465_tgchannelru)__,6602465,30,1412
1714176000000,ğŸ¥‹ [__Fast Food Memes](https://t.me/ffmemesbot?start=sc_6602976_tgchannelru)__,6602976,11,1173
1714521600000,ğŸ—ï¸ [__Fast Food Memes](https://t.me/ffmemesbot?start=sc_6628253_tgchannelru)__,6628253,27,1077
1714089600000,"ĞÑ‚ĞºÑ€Ñ‹Ñ‚ĞºĞ° Ğ¡ĞµÑ€Ñ‘Ğ¶Ğµ

ğŸ¦© [__Fast Food Memes](https://t.me/ffmemesbot?start=sc_6636711_tgchannelru)__",6636711,25,1194
1714176000000,ğŸ¿ [__Fast Food Memes](https://t.me/ffmemesbot?start=sc_6650224_tgchannelru)__,6650224,21,1122
1714089600000,ğŸ« [__Fast Food Memes](https://t.me/ffmemesbot?start=sc_6655092_tgchannelru)__,6655092,9,1157
1714262400000,ğŸŒº [__Fast Food Memes](https://t.me/ffmemesbot?start=sc_6659358_tgchannelru)__,6659358,21,1074
1714176000000,ğŸ [__Fast Food Memes](https://t.me/ffmemesbot?start=sc_6690986_tgchannelru)__,6690986,20,1128
1714176000000,ğŸ§¤ [__Fast Food Memes](https://t.me/ffmemesbot?start=sc_6691194_tgchannelru)__,6691194,27,1142
1714262400000,ğŸ§¾ [__Fast Food Memes](https://t.me/ffmemesbot?start=sc_6738049_tgchannelru)__,6738049,17,1052
1714262400000,ğŸ¿ [__Fast Food Memes](https://t.me/ffmemesbot?start=sc_6738112_tgchannelru)__,6738112,30,1258
1714262400000,ğŸª¿ [__Fast Food Memes](https://t.me/ffmemesbot?start=sc_6756035_tgchannelru)__,6756035,12,1084
1714348800000,âš—ï¸ [__Fast Food Memes](https://t.me/ffmemesbot?start=sc_6756324_tgchannelru)__,6756324,7,1034
1714608000000,ğŸ§† [__Fast Food Memes](https://t.me/ffmemesbot?start=sc_6764345_tgchannelru)__,6764345,37,1054
1714521600000,ğŸ–²ï¸ [__Fast Food Memes](https://t.me/ffmemesbot?start=sc_6769615_tgchannelru)__,6769615,32,1037
1714521600000,ğŸ“Ÿ [__Fast Food Memes](https://t.me/ffmemesbot?start=sc_6769675_tgchannelru)__,6769675,26,1025
1714521600000,ğŸ‘‰ [__Fast Food Memes](https://t.me/ffmemesbot?start=sc_6781862_tgchannelru)__,6781862,30,1059
1714262400000,ğŸŒº [__Fast Food Memes](https://t.me/ffmemesbot?start=sc_6807499_tgchannelru)__,6807499,25,1094
1714348800000,ğŸ¥‹ [__Fast Food Memes](https://t.me/ffmemesbot?start=sc_6847134_tgchannelru)__,6847134,48,1175
1714348800000,ğŸ¤– [__Fast Food Memes](https://t.me/ffmemesbot?start=sc_6855275_tgchannelru)__,6855275,7,1029
1714435200000,ğŸš¤ [__Fast Food Memes](https://t.me/ffmemesbot?start=sc_6864445_tgchannelru)__,6864445,27,1072
1714521600000,ğŸª‚ [__Fast Food Memes](https://t.me/ffmemesbot?start=sc_6864568_tgchannelru)__,6864568,16,1018
1714348800000,ğŸ¤º [__Fast Food Memes](https://t.me/ffmemesbot?start=sc_6956745_tgchannelru)__,6956745,10,1035
1714435200000,ğŸ§† [__Fast Food Memes](https://t.me/ffmemesbot?start=sc_6974883_tgchannelru)__,6974883,34,1103
1714435200000,ğŸƒ [__Fast Food Memes](https://t.me/ffmemesbot?start=sc_6975071_tgchannelru)__,6975071,41,1094
1714435200000,ğŸƒ [__Fast Food Memes](https://t.me/ffmemesbot?start=sc_6975438_tgchannelru)__,6975438,39,1298
1714435200000,ğŸ¦‹ [__Fast Food Memes](https://t.me/ffmemesbot?start=sc_7009589_tgchannelru)__,7009589,27,1052
1714435200000,ğŸ­ [__Fast Food Memes](https://t.me/ffmemesbot?start=sc_7027431_tgchannelru)__,7027431,24,1056
1714521600000,ğŸ’  [__Fast Food Memes](https://t.me/ffmemesbot?start=sc_7031919_tgchannelru)__,7031919,20,1046
1714608000000,ğŸªª [__Fast Food Memes](https://t.me/ffmemesbot?start=sc_7129369_tgchannelru)__,7129369,27,1297
1714780800000,ğŸ‘‰ [__Fast Food Memes](https://t.me/ffmemesbot?start=sc_7129913_tgchannelru)__,7129913,19,1120
1714867200000,ğŸ‘‰ [__Fast Food Memes](https://t.me/ffmemesbot?start=sc_7147198_tgchannelru)__,7147198,19,1014
1714608000000,ğŸ­ [__Fast Food Memes](https://t.me/ffmemesbot?start=sc_7182988_tgchannelru)__,7182988,32,1073
1714608000000,ğŸ« [__Fast Food Memes](https://t.me/ffmemesbot?start=sc_7187717_tgchannelru)__,7187717,23,1064
1714608000000,"Ğ­Ñ‚Ğ¾ Ñ ÑĞµĞ³Ğ¾Ğ´Ğ½Ñ ÑÑ…Ğ¾Ğ´Ğ¸Ğ»Ğ° Ğ² Harvest Ğ¸ Ğ½Ğ¸Ñ‡Ğµ Ğ½Ğµ ÑÑ„Ğ¾Ñ‚ĞºĞ°Ğ»Ğ° (Ğ±Ñ‹Ğ»Ğ¾ Ğ¾Ñ‡ Ğ²ĞºÑƒÑĞ½Ğ¾)

ğŸ©° [__Fast Food Memes](https://t.me/ffmemesbot?start=sc_7191628_tgchannelru)__",7191628,4,1014
1714608000000,ğŸ­ [__Fast Food Memes](https://t.me/ffmemesbot?start=sc_7209621_tgchannelru)__,7209621,25,1077
1714694400000,ğŸ§¤ [__Fast Food Memes](https://t.me/ffmemesbot?start=sc_7234924_tgchannelru)__,7234924,28,1073
1714694400000,ğŸª¿ [__Fast Food Memes](https://t.me/ffmemesbot?start=sc_7240173_tgchannelru)__,7240173,24,1102
1714694400000,ğŸ¤º [__Fast Food Memes](https://t.me/ffmemesbot?start=sc_7240222_tgchannelru)__,7240222,10,996
1714780800000,ğŸ„ [__Fast Food Memes](https://t.me/ffmemesbot?start=sc_7245936_tgchannelru)__,7245936,22,1057
1714694400000,ğŸƒ [__Fast Food Memes](https://t.me/ffmemesbot?start=sc_7263547_tgchannelru)__,7263547,32,1079
1714694400000,ğŸ¦¼ [__Fast Food Memes](https://t.me/ffmemesbot?start=sc_7273025_tgchannelru)__,7273025,30,1080
1714780800000,ğŸƒ [__Fast Food Memes](https://t.me/ffmemesbot?start=sc_7273655_tgchannelru)__,7273655,12,999
1714694400000,ğŸ§« [__Fast Food Memes](https://t.me/ffmemesbot?start=sc_7303543_tgchannelru)__,7303543,15,995
1714780800000,ğŸ§Œ [__Fast Food Memes](https://t.me/ffmemesbot?start=sc_7338110_tgchannelru)__,7338110,33,1144
1714867200000,"ğŸ’  [__@ffmemesbot:](https://t.me/ffmemesbot?start=sc_7346341_tgchannelru)__ ĞŸĞ°Ñ€ĞµĞ½ÑŒ Ğ½Ğµ Ğ¾Ğ¶Ğ¸Ğ´Ğ°Ğ» Ñ‚Ğ°ĞºĞ¾Ğ³Ğ¾ Ğ¿Ğ¾Ğ²Ğ¾Ñ€Ğ¾Ñ‚Ğ° Ğ¸ ÑƒĞ´Ğ¸Ğ²Ğ¸Ğ»ÑÑ, ĞºĞ¾Ğ³Ğ´Ğ° Ğ¾ÑĞ¾Ğ·Ğ½Ğ°Ğ», Ğ² Ñ‡ĞµĞ¼ ĞµĞ³Ğ¾ Ğ¾ÑˆĞ¸Ğ±ĞºĞ°. Ğ­Ñ‚Ğ¾Ñ‚ ĞºĞ¾Ğ¼Ğ¸ĞºÑ Ğ¸Ğ³Ñ€Ğ°ĞµÑ‚ Ğ½Ğ° Ğ½ĞµÑĞ¾Ğ¾Ñ‚Ğ²ĞµÑ‚ÑÑ‚Ğ²Ğ¸Ğ¸ Ğ¾Ğ¶Ğ¸Ğ´Ğ°Ğ½Ğ¸Ğ¹ Ğ¸ Ñ€ĞµĞ°Ğ»ÑŒĞ½Ğ¾ÑÑ‚Ğ¸, ĞºĞ¾Ğ³Ğ´Ğ° Ğ¿ĞµÑ€ÑĞ¾Ğ½Ğ°Ğ¶Ğ¸ Ğ¾ÑˆĞ¸Ğ±Ğ¾Ñ‡Ğ½Ğ¾ Ğ¸Ğ½Ñ‚ĞµÑ€Ğ¿Ñ€ĞµÑ‚Ğ¸Ñ€ÑƒÑÑ‚ ÑĞ¸Ñ‚ÑƒĞ°Ñ†Ğ¸Ñ.",7346341,9,1088
1714780800000,ğŸš¤ [__Fast Food Memes](https://t.me/ffmemesbot?start=sc_7366078_tgchannelru)__,7366078,22,1014
1714867200000,ğŸ›– [__Fast Food Memes](https://t.me/ffmemesbot?start=sc_7436725_tgchannelru)__,7436725,13,1028
1714867200000,ğŸ¤– [__Fast Food Memes](https://t.me/ffmemesbot?start=sc_7445042_tgchannelru)__,7445042,22,1096
1714780800000,ğŸ [__Fast Food Memes](https://t.me/ffmemesbot?start=sc_7445265_tgchannelru)__,7445265,18,1023
1714953600000,"ğŸ¦” [__@ffmemesbot:](https://t.me/ffmemesbot?start=sc_7494205_tgchannelru)__ ĞĞ° Ñ„Ğ¾Ñ‚Ğ¾ Ğ¿Ğ¾ĞºĞ°Ğ·Ğ°Ğ½ Ñ‚ĞµĞ»ĞµĞ²Ğ¸Ğ·Ğ¾Ñ€, Ğ³Ğ´Ğµ Ğ¸Ğ´Ñ‘Ñ‚ Ğ½Ğ¾Ğ²Ğ¾ÑÑ‚Ğ½Ğ¾Ğ¹ ÑÑĞ¶ĞµÑ‚ Ñ ""Ñ‚Ğ¾Ğ¿Ğ¾Ğ¼ Ğ¸Ğ½Ñ‚ĞµÑ€Ğ½ĞµÑ‚-Ğ¼ĞµĞ¼Ğ¾Ğ²"". ĞŸÑ€Ğ¸ĞºĞ¾Ğ» Ğ² Ñ‚Ğ¾Ğ¼, Ñ‡Ñ‚Ğ¾ Ñ‚Ğ°ĞºĞ¾Ğµ Ñ‚Ğ¾Ñ‡Ğ½Ğ¾ Ğ½Ğµ Ğ¿Ğ¾ĞºĞ°Ğ¶ÑƒÑ‚ Ğ² Ğ½Ğ°ÑÑ‚Ğ¾ÑÑ‰Ğ¸Ñ… Ğ½Ğ¾Ğ²Ğ¾ÑÑ‚ÑÑ…, ÑÑ‚Ğ¾ ÑĞ²Ğ½Ğ¾ Ñ„ĞµĞ¹ĞºĞ¾Ğ²Ñ‹Ğ¹ ÑÑĞ¶ĞµÑ‚ Ğ¸Ğ»Ğ¸ Ğ¼Ğ¾Ğ½Ñ‚Ğ°Ğ¶ Ğ´Ğ»Ñ Ğ¿Ñ€Ğ¸ĞºĞ¾Ğ»Ğ°.",7494205,6,1080
1714867200000,"ğŸ² [__@ffmemesbot:](https://t.me/ffmemesbot?start=sc_7543049_tgchannelru)__ Ğ—Ğ´ĞµÑÑŒ Ğ¸Ğ³Ñ€Ğ°ÑÑ‚ Ğ½Ğ° ĞºĞ¾Ğ½Ñ‚Ñ€Ğ°ÑÑ‚Ğµ Ğ¼ĞµĞ¶Ğ´Ñƒ Ğ¿Ñ€Ğ°Ğ·Ğ´Ğ½Ğ¸Ñ‡Ğ½Ñ‹Ğ¼ Ğ¿Ğ¸Ñ€Ğ¾Ğ¶Ğ½Ñ‹Ğ¼ Ğ¸ Ğ¾Ğ±Ñ‹Ñ‡Ğ½Ñ‹Ğ¼ ĞºÑƒÑĞºĞ¾Ğ¼ Ñ…Ğ»ĞµĞ±Ğ° - Ñ‚Ğ°Ğº Ğ¶Ğµ, ĞºĞ°Ğº Ğ¸ Ğ²Ñ‹Ñ€Ğ°Ğ¶ĞµĞ½Ğ¸Ğµ Ğ»Ğ¸Ñ† Ñ‡ĞµĞ»Ğ¾Ğ²ĞµĞºĞ° Ñ€Ğ°Ğ´Ğ¾ÑÑ‚Ğ½Ğ¾Ğµ Ğ¸ Ğ³Ñ€ÑƒÑÑ‚Ğ½Ğ¾Ğµ. ĞšĞ°Ğº Ğ±ÑƒĞ´Ñ‚Ğ¾ Ñ‡ĞµĞ»Ğ¾Ğ²ĞµÑ‡ĞµÑĞºĞ¸Ğµ ÑĞ¼Ğ¾Ñ†Ğ¸Ğ¸ ĞºĞ¾Ñ€Ñ€ĞµĞ»Ğ¸Ñ€ÑƒÑÑ‚ Ñ ""Ğ²ĞºÑƒÑĞ½Ğ¾ÑÑ‚Ğ¸"" ĞµĞ´Ñ‹ Ğ½Ğ°Ğ´ Ğ³Ğ¾Ğ»Ğ¾Ğ²Ğ¾Ğ¹!",7543049,6,1127
1714953600000,"ğŸ¿ [__@ffmemesbot:](https://t.me/ffmemesbot?start=sc_7552736_tgchannelru)__ ĞĞ° ĞºĞ°Ñ€Ñ‚Ğ¸Ğ½ĞºĞµ Ğ¶Ğ¸Ğ²Ğ¾Ñ‚Ğ½Ğ¾Ğµ ÑĞ¸Ğ´Ğ¸Ñ‚ Ğ¿ĞµÑ€ĞµĞ´ ĞºĞ¾Ğ¼Ğ¿ÑŒÑÑ‚ĞµÑ€Ğ¾Ğ¼, ĞºĞ°Ğº Ğ±ÑƒĞ´Ñ‚Ğ¾ ÑĞµÑ€ÑŒĞµĞ·Ğ½Ğ¾ Ğ·Ğ°Ğ½Ğ¸Ğ¼Ğ°ĞµÑ‚ÑÑ Ğ¸Ğ½Ğ²ĞµÑÑ‚Ğ¸Ñ€Ğ¾Ğ²Ğ°Ğ½Ğ¸ĞµĞ¼, Ğ½Ğ¾ Ğ½Ğ° ÑĞºÑ€Ğ°Ğ½Ğµ Ğ¿Ğ¾ĞºĞ°Ğ·Ğ°Ğ½ ÑĞ¼ĞµÑˆĞ½Ğ¾ Ğ¼Ğ°Ğ»ĞµĞ½ÑŒĞºĞ¸Ğ¹ ÑÑ‡ĞµÑ‚, Ñ‚Ğ°Ğº Ñ‡Ñ‚Ğ¾ Ğ¸Ğ³Ñ€Ğ° ÑĞ»Ğ¾Ğ² Ğ·Ğ´ĞµÑÑŒ Ğ² ĞºĞ¾Ğ½Ñ‚Ñ€Ğ°ÑÑ‚Ğµ Ğ¼ĞµĞ¶Ğ´Ñƒ Ğ¾Ğ¶Ğ¸Ğ´Ğ°Ğ½Ğ¸ĞµĞ¼ Ğ¸ Ñ€ĞµĞ°Ğ»ÑŒĞ½Ğ¾ÑÑ‚ÑŒÑ. ĞŸÑ€Ğ¸ĞºĞ¾Ğ» Ğ² Ñ‚Ğ¾Ğ¼, Ñ‡Ñ‚Ğ¾ ÑÑ‚Ğ¾ Ğ²Ñ‹Ğ³Ğ»ÑĞ´Ğ¸Ñ‚ ĞºÑ€ÑƒÑ‚Ğ¾, Ğ½Ğ¾ Ğ½Ğ° ÑĞ°Ğ¼Ğ¾Ğ¼ Ğ´ĞµĞ»Ğµ ÑĞ¸Ñ‚ÑƒĞ°Ñ†Ğ¸Ñ Ğ´Ğ¾Ğ²Ğ¾Ğ»ÑŒĞ½Ğ¾ Ğ±ĞµĞ´ÑÑ‚Ğ²ĞµĞ½Ğ½Ğ°Ñ.",7552736,4,1131
1714953600000,"ğŸªˆ [__@ffmemesbot:](https://t.me/ffmemesbot?start=sc_7613430_tgchannelru)__ ĞĞ¹, Ğ·Ğ°Ğ¹ĞºĞ° Ğ·Ğ´ĞµÑÑŒ â€“ Ğ¿Ñ€Ğ¾ÑÑ‚Ğ¾ Ñ‡ÑƒĞ´Ğ¾ ĞºĞ°Ğº Ñ…Ğ¾Ñ€Ğ¾Ñˆ! ĞÑƒ Ğ¸ Ğ¿Ğ¾Ğ´Ğ¿Ğ¸ÑÑŒ Ñ Ñ…Ğ°Ñ€Ğ°ĞºÑ‚ĞµÑ€Ğ½Ñ‹Ğ¼Ğ¸ Ğ¾ÑˆĞ¸Ğ±ĞºĞ°Ğ¼Ğ¸ Ğ½Ğ°Ğ¿Ğ¸ÑĞ°Ğ½Ğ¸Ñ, Ğ¿Ñ€Ğ¸Ğ´Ğ°Ñ‘Ñ‚ ĞµĞ¼Ñƒ Ğ¾ÑĞ¾Ğ±Ñ‹Ğ¹ ""ÑˆĞºĞ¾Ğ»ÑŒĞ½Ñ‹Ğ¹ Ğ´Ğ½ĞµĞ²Ğ½Ğ¸ĞºĞ¾Ğ²Ñ‹Ğ¹"" ÑˆĞ°Ñ€Ğ¼.",7613430,11,1009
1714953600000,"ğŸ¦¿ [__@ffmemesbot:](https://t.me/ffmemesbot?start=sc_7623466_tgchannelru)__ ĞĞ° ĞºĞ°Ñ€Ñ‚Ğ¸Ğ½ĞºĞµ Ğ¿Ğ°Ñ€ĞµĞ½ÑŒ ÑĞ¿Ñ€Ğ°ÑˆĞ¸Ğ²Ğ°ĞµÑ‚ Ğ´Ñ€ÑƒĞ³Ğ¾Ğ³Ğ¾ Ğ¿Ñ€Ğ¾ Ğ³Ñ€Ğ°Ñ„Ğ¸Ğº Ñ€Ğ°Ğ±Ğ¾Ñ‚Ñ‹, Ğ° Ğ¾Ñ‚Ğ²ĞµÑ‚ Ğ¿Ğ¾Ğ»ÑƒÑ‡Ğ°ĞµÑ‚ Ñ‚Ğ°ĞºĞ¾Ğ¹, Ñ‡Ñ‚Ğ¾ ÑÑ€Ğ°Ğ·Ñƒ Ñ‡ÑƒĞ²ÑÑ‚Ğ²ÑƒĞµÑ‚ÑÑ ĞµĞ³Ğ¾ ÑƒÑÑ‚Ğ°Ğ»Ğ¾ÑÑ‚ÑŒ Ğ¸ Ğ±ĞµĞ·Ğ½Ğ°Ğ´Ñ‘Ğ³Ğ°. Ğ¡ÑƒÑ‚ÑŒ ÑˆÑƒÑ‚ĞºĞ¸ Ğ² Ñ‚Ğ¾Ğ¼, Ñ‡Ñ‚Ğ¾ Ğ³Ñ€Ğ°Ñ„Ğ¸Ğº Ğ¾Ğ¿Ğ¸ÑÑ‹Ğ²Ğ°ÑÑ‚ Ñ Ğ¿Ğ¾Ğ¼Ğ¾Ñ‰ÑŒÑ Ğ¾Ñ‡ĞµĞ½ÑŒ Ğ½ĞµĞ¿Ñ€Ğ¸Ğ²Ñ‹Ñ‡Ğ½Ñ‹Ñ… Ğ¸ ĞºÑ€ĞµĞ°Ñ‚Ğ¸Ğ²Ğ½Ñ‹Ñ… Ğ¿Ñ€Ğ¸Ğ»Ğ°Ğ³Ğ°Ñ‚ĞµĞ»ÑŒĞ½Ñ‹Ñ…, ĞºĞ¾Ñ‚Ğ¾Ñ€Ñ‹Ğµ Ğ¿ĞµÑ€ĞµĞ´Ğ°ÑÑ‚ Ğ²ÑÑ ""Ğ±Ğ¾Ğ»ĞµĞ·Ğ½ĞµĞ½Ğ½Ğ¾ÑÑ‚ÑŒ"" ÑĞ¸Ñ‚ÑƒĞ°Ñ†Ğ¸Ğ¸.",7623466,11,974
1714953600000,"ğŸªˆ [__@ffmemesbot:](https://t.me/ffmemesbot?start=sc_7645385_tgchannelru)__ ĞĞ° ĞºĞ°Ñ€Ñ‚Ğ¸Ğ½ĞºĞµ Ğ¿Ğ°Ñ€Ğ½Ğ¸ ÑˆÑƒÑ‚ÑÑ‚ Ğ¾ Ñ‚Ğ¾Ğ¼, ĞºĞ°Ğº Ğ¼Ğ°Ğ¼Ñ‹ Ğ²ÑĞµĞ³Ğ´Ğ° Ğ¿ĞµÑ€ĞµĞ¶Ğ¸Ğ²Ğ°ÑÑ‚ Ğ¿Ğ¾ Ğ¼ĞµĞ»Ğ¾Ñ‡Ğ°Ğ¼, Ğ° Ğ¿Ğ¾Ñ‚Ğ¾Ğ¼ Ğ¾Ğ´Ğ¸Ğ½ Ğ¸Ğ· Ğ½Ğ¸Ñ… Ğ±ĞµÑĞ¿Ğ¾ĞºĞ¾Ğ¸Ñ‚ÑÑ Ğ¾ ÑĞ²Ğ¾ĞµĞ¼ Ñ€ĞµĞ±ĞµĞ½ĞºĞµ Ğ¿Ğ¾ Ñ‚Ğ°ĞºĞ¾Ğ¹ Ğ¶Ğµ Ğ¼ĞµĞ»Ğ¾Ñ‡Ğ¸. Ğ­Ñ‚Ğ¾ ÑĞ¼ĞµÑˆĞ½Ğ¾, Ğ¿Ğ¾Ñ‚Ğ¾Ğ¼Ñƒ Ñ‡Ñ‚Ğ¾ Ğ¾Ğ½ Ñ‚Ğ¾Ğ»ÑŒĞºĞ¾ Ñ‡Ñ‚Ğ¾ ĞºÑ€Ğ¸Ñ‚Ğ¸ĞºĞ¾Ğ²Ğ°Ğ» Ğ¼Ğ°Ğ¼ Ğ·Ğ° Ğ¿ĞµÑ€ĞµĞ¶Ğ¸Ğ²Ğ°Ğ½Ğ¸Ñ, Ğ° ÑĞ°Ğ¼ Ñ‚Ğ°ĞºĞ¶Ğµ Ğ¿ĞµÑ€ĞµĞ¶Ğ¸Ğ²Ğ°ĞµÑ‚, Ñ‡Ñ‚Ğ¾ Ğ¿Ğ¾ ÑÑƒÑ‚Ğ¸ Ğ´ĞµĞ»Ğ°ĞµÑ‚ ĞµĞ³Ğ¾ Ñ‚Ğ°ĞºĞ¸Ğ¼ Ğ¶Ğµ.",7645385,7,977
1715040000000,"ğŸ¥ [__@ffmemesbot:](https://t.me/ffmemesbot?start=sc_7645477_tgchannelru)__ Ğ—Ğ´ĞµÑÑŒ ÑˆÑƒÑ‚ÑÑ‚ Ğ¾ Ñ‚Ğ¾Ğ¼, Ğ½Ğ°ÑĞºĞ¾Ğ»ÑŒĞºĞ¾ Ğ¼ĞµĞ´Ğ»ĞµĞ½Ğ½Ğ¾ ÑÑ‚Ñ€Ğ¾Ğ¸Ñ‚ÑÑ Ğ¼ĞµÑ‚Ñ€Ğ¾ Ğ² ĞŸĞµÑ‚ĞµÑ€Ğ±ÑƒÑ€Ğ³Ğµ Ğ¿Ğ¾ ÑÑ€Ğ°Ğ²Ğ½ĞµĞ½Ğ¸Ñ Ñ ĞœĞ¾ÑĞºĞ²Ğ¾Ğ¹. Ğ’Ğ¾Ğ¾Ğ±Ñ€Ğ°Ğ¶Ğ°ÑÑ‚, Ñ‡Ñ‚Ğ¾ Ğº Ñ‚Ğ¾Ğ¼Ñƒ Ğ²Ñ€ĞµĞ¼ĞµĞ½Ğ¸, ĞºĞ°Ğº Ğ² ĞœĞ¾ÑĞºĞ²Ğµ Ğ¼ĞµÑ‚Ñ€Ğ¾ Ğ´Ğ¾ÑÑ‚Ğ¸Ğ³Ğ½ĞµÑ‚ Ğ´Ñ€ÑƒĞ³Ğ¸Ñ… ÑÑ‚Ñ€Ğ°Ğ½, Ğ² ĞŸĞµÑ‚ĞµÑ€Ğ±ÑƒÑ€Ğ³Ğµ Ñ‚Ğ°Ğº Ğ¸ Ğ±ÑƒĞ´ÑƒÑ‚ Ğ² Ğ¾Ğ¶Ğ¸Ğ´Ğ°Ğ½Ğ¸Ğ¸ Ğ½Ğ¾Ğ²Ñ‹Ñ… ÑÑ‚Ğ°Ğ½Ñ†Ğ¸Ğ¹.",7645477,14,969
1715040000000,"âš—ï¸ [__@ffmemesbot:](https://t.me/ffmemesbot?start=sc_7663072_tgchannelru)__ Ğ§ÑƒĞ²Ğ°Ğº Ğ¶Ğ°Ğ»ÑƒĞµÑ‚ÑÑ Ğ½Ğ° ÑĞ²Ğ¾Ñ Ğ°ÑĞ¾Ñ†Ğ¸Ğ°Ğ»ÑŒĞ½Ğ¾ÑÑ‚ÑŒ Ğ¸ ÑĞ¿Ñ€Ğ°ÑˆĞ¸Ğ²Ğ°ĞµÑ‚ ÑĞ¾Ğ²ĞµÑ‚Ğ°, ĞºĞ°Ğº Ñ ÑÑ‚Ğ¸Ğ¼ Ğ±Ğ¾Ñ€Ğ¾Ñ‚ÑŒÑÑ. Ğ•Ğ¼Ñƒ Ğ¿Ñ€ĞµĞ´Ğ»Ğ°Ğ³Ğ°ÑÑ‚ Ğ²Ñ‹Ğ¿Ğ¸Ñ‚ÑŒ, Ñ‡Ñ‚Ğ¾Ğ±Ñ‹ Ñ€Ğ°ÑÑĞ»Ğ°Ğ±Ğ¸Ñ‚ÑŒÑÑ, Ğ½Ğ¾ ĞºĞ¾Ğ³Ğ´Ğ° Ğ¾Ğ½ Ğ¿Ñ€Ğ¾ÑĞ¸Ñ‚ Ñ‡Ñ‚Ğ¾-Ñ‚Ğ¾ Ğ±Ğ¾Ğ»ĞµĞµ Ğ´Ğ¾Ğ»Ğ³Ğ¾ÑÑ€Ğ¾Ñ‡Ğ½Ğ¾Ğµ, ÑĞ¾Ğ²ĞµÑ‚ Ğ¿ĞµÑ€ĞµÑ…Ğ¾Ğ´Ğ¸Ñ‚ Ğ½Ğ° ""Ğ°Ğ»ĞºĞ¾Ğ³Ğ¾Ğ»Ğ¸Ğ·Ğ¼"", Ğ¸ Ñ‚ÑƒÑ‚ Ğ²ĞµÑÑŒ Ğ¿Ñ€Ğ¸ĞºĞ¾Ğ» Ğ² Ñ‚Ğ¾Ğ¼, ĞºĞ°Ğº Ğ¿Ğ¾ÑˆÑƒÑ‚Ğ¸Ğ»Ğ¸ Ğ½Ğ°Ğ´ ÑĞµÑ€ÑŒÑ‘Ğ·Ğ½Ğ¾ÑÑ‚ÑŒÑ Ğ²Ğ¾Ğ¿Ñ€Ğ¾ÑĞ°.",7663072,17,970
1714953600000,"ğŸ¦© [__@ffmemesbot:](https://t.me/ffmemesbot?start=sc_7663363_tgchannelru)__ Ğ¨ÑƒÑ‚ĞºĞ° Ğ·Ğ´ĞµÑÑŒ Ğ² Ğ¸Ğ³Ñ€Ğµ ÑĞ»Ğ¾Ğ² â€“ ÑÑ€Ğ°Ğ²Ğ½Ğ¸Ğ²Ğ°ÑÑ‚ ÑƒĞºÑƒÑ ĞºĞ»ĞµÑ‰Ğ° Ñ ""ĞºĞ»ĞµÑ‰ĞµĞ½Ğ¸ĞµĞ¼"", ĞºĞ°Ğº Ğ±ÑƒĞ´Ñ‚Ğ¾ ÑÑ‚Ğ¾ ĞºĞ°ĞºĞ¾Ğµ-Ñ‚Ğ¾ Ğ²Ğ°Ğ¶Ğ½Ğ¾Ğµ ÑĞ¾Ğ±Ñ‹Ñ‚Ğ¸Ğµ Ğ¸Ğ»Ğ¸ Ñ†ĞµÑ€ĞµĞ¼Ğ¾Ğ½Ğ¸Ñ. Ğ­Ñ‚Ğ¾ ÑĞ»Ğ¾Ğ²ĞµÑĞ½Ñ‹Ğ¹ ĞºĞ°Ğ»Ğ°Ğ¼Ğ±ÑƒÑ€, Ğ¿Ñ€Ğ¸Ğ´Ğ°ÑÑ‰Ğ¸Ğ¹ ÑƒĞºÑƒÑÑƒ ĞºĞ»ĞµÑ‰Ğ° ÑĞ»Ğ¸ÑˆĞºĞ¾Ğ¼ Ğ±Ğ¾Ğ»ÑŒÑˆĞ¾Ğµ Ğ·Ğ½Ğ°Ñ‡ĞµĞ½Ğ¸Ğµ.",7663363,12,955
1715040000000,"ğŸ¦§ [__@ffmemesbot:](https://t.me/ffmemesbot?start=sc_7698143_tgchannelru)__ ĞÑƒ ÑÑ‚Ğ¾ ĞºĞ»Ğ°ÑÑĞ¸ĞºĞ° Ğ¶Ğ°Ğ½Ñ€Ğ° â€“ Ğ¿Ğ»ÑÑˆĞµĞ²Ñ‹Ğµ Ğ±Ğ¸Ğ´Ğ¾Ğ½Ñ‹ Ñ Ğ³Ñ€ÑƒÑÑ‚Ğ½Ñ‹Ğ¼Ğ¸ Ğ³Ğ»Ğ°Ğ·Ğ¸Ñ‰Ğ°Ğ¼Ğ¸. Ğ˜Ñ€Ğ¾Ğ½Ğ¸Ñ Ğ² Ñ‚Ğ¾Ğ¼, Ñ‡Ñ‚Ğ¾ Ğ¼Ğ¸Ğ»Ğ°ÑˆĞºĞ° Ğ²Ñ‹Ğ³Ğ»ÑĞ´Ğ¸Ñ‚ ĞºÑ€Ğ°Ğ¹Ğ½Ğµ ÑƒÑĞ·Ğ²Ğ¸Ğ¼Ğ¾, Ğ²ĞµĞ´ÑŒ Ğ¾Ñ‚Ğ²Ğ°Ğ»Ğ¸Ñ‚ÑŒÑÑ Ğ¾Ñ‚ Ñ€ĞµĞ°Ğ»ÑŒĞ½Ğ¾ÑÑ‚Ğ¸ Ğ¸ Ğ¿Ğ¾Ğ½Ñ‹Ñ‚ÑŒ Ğ½Ğ¸ĞºĞ¾Ğ³Ğ´Ğ° Ğ½Ğµ Ğ¿Ğ¾Ğ¼ĞµÑˆĞ°ĞµÑ‚, Ğ¿Ñ€Ğ°Ğ²Ğ´Ğ°?",7698143,11,956
1715040000000,"ğŸ«— [__@ffmemesbot:](https://t.me/ffmemesbot?start=sc_7717258_tgchannelru)__ Ğ­Ñ‚Ğ¾ Ğ¸Ğ·Ğ¾Ğ±Ñ€Ğ°Ğ¶ĞµĞ½Ğ¸Ğµ Ğ¾ÑÑ‚Ñ€Ğ¾ÑƒĞ¼Ğ½Ğ¾ Ğ´ĞµĞ¼Ğ¾Ğ½ÑÑ‚Ñ€Ğ¸Ñ€ÑƒĞµÑ‚ ĞºĞ¾Ğ½Ñ‚Ñ€Ğ°ÑÑ‚ Ğ¼ĞµĞ¶Ğ´Ñƒ Ğ½Ğ°Ğ´Ğ¿Ğ¸ÑÑŒÑ ""Ğ‘ĞµĞ»Ğ¾Ğµ"" Ğ¸ ÑĞ¸Ñ‚ÑƒĞ°Ñ†Ğ¸ĞµĞ¹, ĞºĞ¾Ğ³Ğ´Ğ° Ğ¸Ğ½Ğ²Ğ°Ğ»Ğ¸Ğ´Ğ½Ğ¾Ğµ ĞºÑ€ĞµÑĞ»Ğ¾ Ğ¾Ğ±Ğ½Ğ°Ñ€ÑƒĞ¶Ğ¸Ğ²Ğ°ĞµÑ‚ÑÑ Ğ²Ğ¾Ğ·Ğ»Ğµ Ğ»ĞµÑÑ‚Ğ½Ğ¸Ñ†Ñ‹, Ñ‡Ñ‚Ğ¾ Ğ¿Ğ¾Ğ´Ñ‡ĞµÑ€ĞºĞ¸Ğ²Ğ°ĞµÑ‚ Ğ¾Ñ‡ĞµĞ²Ğ¸Ğ´Ğ½Ğ¾Ğµ Ğ½ĞµÑĞ¾Ğ¾Ñ‚Ğ²ĞµÑ‚ÑÑ‚Ğ²Ğ¸Ğµ Ğ¼ĞµĞ¶Ğ´Ñƒ Ğ·Ğ°ÑĞ²Ğ»ĞµĞ½Ğ½Ğ¾Ğ¹ Ğ´Ğ¾ÑÑ‚ÑƒĞ¿Ğ½Ğ¾ÑÑ‚ÑŒÑ Ğ¸ Ñ€ĞµĞ°Ğ»ÑŒĞ½Ğ¾ÑÑ‚ÑŒÑ. ĞŸĞ¾Ñ…Ğ¾Ğ¶Ğµ, Ñ‡Ñ‚Ğ¾ ÑĞ¼Ğ¾Ñ€Ğ¸ÑÑ‚Ğ¸Ñ‡ĞµÑĞºĞ¸Ğ¹ ÑÑ„Ñ„ĞµĞºÑ‚ ÑĞ¾Ğ·Ğ´Ğ°ĞµÑ‚ÑÑ Ğ·Ğ° ÑÑ‡ĞµÑ‚ ÑĞ²Ğ½Ğ¾Ğ³Ğ¾ Ğ¿Ñ€Ğ¾Ñ‚Ğ¸Ğ²Ğ¾Ñ€ĞµÑ‡Ğ¸Ñ Ğ¼ĞµĞ¶Ğ´Ñƒ Ğ¿Ñ€Ğ¾Ğ³Ñ€ĞµÑÑĞ¸Ğ²Ğ½Ğ¾Ğ¹ Ñ€ĞµĞºĞ»Ğ°Ğ¼Ğ¾Ğ¹ Ğ¼Ğ°Ğ³Ğ°Ğ·Ğ¸Ğ½Ğ° Ğ¸ Ğ½ĞµĞ´Ğ¾ÑÑ‚ÑƒĞ¿Ğ½Ğ¾ÑÑ‚ÑŒÑ ĞµĞ³Ğ¾ Ğ²Ñ…Ğ¾Ğ´Ğ° Ğ´Ğ»Ñ Ğ»ÑĞ´ĞµĞ¹ Ñ Ğ¾Ğ³Ñ€Ğ°Ğ½Ğ¸Ñ‡ĞµĞ½Ğ½Ñ‹Ğ¼Ğ¸ Ğ²Ğ¾Ğ·Ğ¼Ğ¾Ğ¶Ğ½Ğ¾ÑÑ‚ÑĞ¼Ğ¸.",7717258,6,945
1715212800000,ğŸ¤º [__Fast Food Memes](https://t.me/ffmemesbot?start=sc_7743187_tgchannelru)__,7743187,33,948
1715040000000,"ğŸ„ [__@ffmemesbot:](https://t.me/ffmemesbot?start=sc_7751784_tgchannelru)__ ĞĞ° Ğ¼ĞµĞ¼Ğµ Ğ¸Ğ·Ğ¾Ğ±Ñ€Ğ°Ğ¶ĞµĞ½ Ñ‡ĞµĞ»Ğ¾Ğ²ĞµĞº, ĞºĞ¾Ñ‚Ğ¾Ñ€Ñ‹Ğ¹ Ğ¾Ğ»Ğ¸Ñ†ĞµÑ‚Ğ²Ğ¾Ñ€ÑĞµÑ‚ ÑĞ¸Ğ»Ñƒ Ğ¸ ÑĞ¿Ğ¾ĞºĞ¾Ğ¹ÑÑ‚Ğ²Ğ¸Ğµ, Ğ½ĞµÑĞ¼Ğ¾Ñ‚Ñ€Ñ Ğ½Ğ° Ğ²Ğ½ĞµÑˆĞ½ĞµĞµ Ğ´Ğ°Ğ²Ğ»ĞµĞ½Ğ¸Ğµ Ğ¸ Ğ¾Ğ¶Ğ¸Ğ´Ğ°Ğ½Ğ¸Ñ. Ğ­Ñ‚Ğ¾ Ñ‚Ğ¸Ğ¿Ğ¸Ñ‡Ğ½Ñ‹Ğ¹ ÑĞ¼Ğ¾Ñ€ Ğ¿Ñ€Ğ¾ ""Ñ Ğ½Ğ°Ğ´ Ğ²ÑĞµĞ¼ Ğ²Ğ¾Ğ·Ğ²Ñ‹ÑˆĞ°ÑÑÑŒ Ğ¸ Ğ´ĞµĞ»Ğ°Ñ, Ñ‡Ñ‚Ğ¾ Ñ…Ğ¾Ñ‡Ñƒ, Ğ½ĞµÑĞ¼Ğ¾Ñ‚Ñ€Ñ Ğ½Ğ¸ Ğ½Ğ° Ñ‡Ñ‚Ğ¾"".",7751784,3,949
1715126400000,ğŸ›– [__Fast Food Memes](https://t.me/ffmemesbot?start=sc_7764599_tgchannelru)__,7764599,22,987
1715040000000,ğŸ§¤ [__Fast Food Memes](https://t.me/ffmemesbot?start=sc_7769090_tgchannelru)__,7769090,8,984
1715126400000,ğŸ [__Fast Food Memes](https://t.me/ffmemesbot?start=sc_7769620_tgchannelru)__,7769620,28,981
1715126400000,ğŸ¥‹ [__Fast Food Memes](https://t.me/ffmemesbot?start=sc_7770640_tgchannelru)__,7770640,11,1002
1715299200000,ğŸ« [__Fast Food Memes](https://t.me/ffmemesbot?start=sc_7800825_tgchannelru)__,7800825,30,924
1715126400000,ğŸ­ [__Fast Food Memes](https://t.me/ffmemesbot?start=sc_7800850_tgchannelru)__,7800850,23,1016
1715126400000,âš—ï¸ [__Fast Food Memes](https://t.me/ffmemesbot?start=sc_7800853_tgchannelru)__,7800853,29,1039
1715126400000,ğŸ¦‹ [__Fast Food Memes](https://t.me/ffmemesbot?start=sc_7805352_tgchannelru)__,7805352,27,987
1715299200000,ğŸ§† [__Fast Food Memes](https://t.me/ffmemesbot?start=sc_7809865_tgchannelru)__,7809865,11,883
1715299200000,ğŸ§–ğŸ»â€â™‚ï¸ [__Fast Food Memes](https://t.me/ffmemesbot?start=sc_7825151_tgchannelru)__,7825151,17,871
1715212800000,ğŸª‚ [__Fast Food Memes](https://t.me/ffmemesbot?start=sc_7829335_tgchannelru)__,7829335,16,929
1715212800000,ğŸ¤º [__Fast Food Memes](https://t.me/ffmemesbot?start=sc_7972479_tgchannelru)__,7972479,29,903
1715299200000,"Ğ£Ñ€Ğ¾Ğ²ĞµĞ½ÑŒ: Ğ¿Ñ€Ğ¾Ñ„ĞµÑÑĞ¸Ğ¾Ğ½Ğ°Ğ»

ğŸ¦ª [__Fast Food Memes](https://t.me/ffmemesbot?start=sc_8043172_tgchannelru)__",8043172,15,875
